City_ID,City,Lat,Lng,Max Temp,Humidity,Cloudiness,Wind Speed,Country,Date
0,villa gesell,-37.2639,-56.973,286.13,66,3,2.67,AR,1724791592
1,senillosa,-39.0,-68.4167,288.03,29,70,5.14,AR,1724791660
2,adamstown,-25.066,-130.1015,292.6,71,99,7.83,PN,1724791661
3,ushuaia,-54.8,-68.3,279.96,61,20,5.14,AR,1724791663
4,invercargill,-46.4,168.35,280.94,98,53,0.89,NZ,1724791665
5,walvis bay,-22.9575,14.5053,287.02,79,0,7.71,NA,1724791666
6,muang phonsavan,19.45,103.2167,291.93,99,100,0.51,LA,1724791667
7,bilibino,68.0546,166.4372,276.61,85,100,2.45,RU,1724791668
8,lebu,-37.6167,-73.65,282.23,70,100,6.38,CL,1724791669
9,mpulungu,-8.7623,31.1141,298.41,45,38,2.04,ZM,1724791671
10,west island,-12.1568,96.8225,299.14,89,75,6.69,CC,1724791480
11,atafu village,-8.5421,-172.5159,301.0,74,38,4.99,TK,1724791673
12,san patricio,28.017,-97.5169,307.12,44,96,6.1,US,1724791674
13,grytviken,-54.2811,-36.5092,276.35,83,91,4.27,GS,1724791675
14,opuwo,-18.0607,13.84,293.06,18,0,2.32,NA,1724791676
15,khanty-mansiysk,61.0042,69.0019,288.21,88,0,2.0,RU,1724791677
16,tiksi,71.6872,128.8694,275.57,84,97,3.11,RU,1724791678
17,sandnessjoen,66.0217,12.6316,285.21,71,40,3.6,NO,1724791680
18,sorong,-0.8833,131.25,298.18,90,100,3.27,ID,1724791681
19,bethel,41.3712,-73.414,302.96,60,40,1.54,US,1724791392
20,whakatane,-37.9585,176.9854,286.77,99,100,0.45,NZ,1724791683
21,hawaiian paradise park,19.5933,-154.9731,301.33,73,40,1.54,US,1724791684
22,ribeira grande,38.5167,-28.7,297.37,64,20,3.6,PT,1724791685
23,yellowknife,62.456,-114.3525,293.38,76,75,2.57,CA,1724791686
24,puerto ayora,-0.7393,-90.3518,293.46,91,71,2.68,EC,1724791612
25,prince rupert,54.3161,-130.3201,286.98,82,0,3.09,CA,1724791689
26,santa rosa de rio primero,-31.1523,-63.4019,292.51,29,1,5.18,AR,1724791690
27,lospalos,-8.5186,127.0025,293.93,94,88,3.11,TL,1724791691
28,constantia,44.1833,28.65,296.53,69,100,7.34,RO,1724791446
29,port elizabeth,-33.918,25.5701,286.31,93,75,13.38,ZA,1724791693
30,tambuwal,12.4039,4.6469,298.37,86,94,3.54,NG,1724791694
31,saynshand,44.8824,110.1163,294.78,31,75,3.19,MN,1724791695
32,margaret river,-33.95,115.0667,286.62,67,100,4.33,AU,1724791544
33,charters towers,-20.1,146.2667,288.77,90,0,2.68,AU,1724791698
34,ilulissat,69.2167,-51.1,278.16,93,75,2.57,GL,1724791699
35,thinadhoo,0.5333,72.9333,301.31,76,94,2.32,MV,1724791700
36,puerto natales,-51.7236,-72.4875,283.4,43,75,9.26,CL,1724791701
37,great falls,47.5002,-111.3008,304.4,17,0,8.75,US,1724791702
38,longyearbyen,78.2186,15.6401,278.06,81,75,7.2,SJ,1724791703
39,egilsstadir,65.2653,-14.3948,280.1,100,100,6.17,IS,1724791705
40,ola,59.5833,151.2833,284.16,94,100,0.5,RU,1724791706
41,port-aux-francais,-49.35,70.2167,276.98,98,100,8.71,TF,1724791707
42,kapa'a,22.0752,-159.319,301.33,72,0,6.69,US,1724791552
43,thompson,55.7435,-97.8558,293.24,37,20,2.06,CA,1724791588
44,olonkinbyen,70.9221,-8.7187,276.48,81,35,1.68,SJ,1724791710
45,sabang,5.8933,95.3214,300.23,72,100,6.18,ID,1724791711
46,punta arenas,-53.15,-70.9167,281.21,57,75,8.75,CL,1724791595
47,oruro,-17.9833,-67.15,293.42,21,40,5.66,BO,1724791714
48,georgetown,5.4112,100.3354,298.12,93,40,1.54,MY,1724791210
49,encheng,22.1839,112.3026,300.18,82,100,2.0,CN,1724791716
50,hasaki,35.7333,140.8333,300.07,81,66,6.14,JP,1724791717
51,lubang,13.8584,120.124,299.3,94,100,11.14,PH,1724791718
52,vila velha,-20.3297,-40.2925,294.12,75,100,4.63,BR,1724791719
53,hermanus,-34.4187,19.2345,279.71,66,98,16.11,ZA,1724791720
54,kruisfontein,-34.0033,24.7314,282.65,81,100,14.36,ZA,1724791721
55,waitangi,-43.9535,-176.5597,285.27,98,100,4.47,NZ,1724791723
56,tsiombe,-25.3,45.4833,293.43,67,0,2.18,MG,1724791724
57,graaff-reinet,-32.2522,24.5308,283.72,53,0,3.44,ZA,1724791725
58,suntar,62.1444,117.6319,281.85,91,85,2.38,RU,1724791726
59,queenstown,-31.8976,26.8753,288.27,32,0,12.66,ZA,1724791560
60,afaahiti,-17.75,-149.2833,294.98,77,100,6.89,PF,1724791728
61,ust'-ordynskiy,52.805,104.7508,284.63,76,53,2.54,RU,1724791729
62,angra dos reis,-23.0067,-44.3181,289.19,69,11,0.19,BR,1724791494
63,banda aceh,5.5577,95.3222,298.28,77,100,2.98,ID,1724791732
64,sitka,57.0531,-135.33,286.09,88,100,3.09,US,1724791733
65,shanhecun,44.7,127.2,288.5,95,68,1.79,CN,1724791734
66,dompu,-8.5356,118.4622,294.75,98,97,1.04,ID,1724791735
67,bebra,50.9667,9.8,289.44,33,2,1.83,DE,1724791736
68,blackmans bay,-43.0167,147.3167,280.22,92,73,1.34,AU,1724791739
69,mugia,43.1041,-9.2179,290.88,86,2,1.38,ES,1724791740
70,kodiak,57.79,-152.4072,287.88,67,75,6.17,US,1724791535
71,atar,20.5169,-13.0499,305.93,41,79,5.84,MR,1724791742
72,bredasdorp,-34.5322,20.0403,280.65,74,61,11.82,ZA,1724791743
73,calabozo,8.9242,-67.4293,302.43,69,28,2.83,VE,1724791744
74,iskateley,67.6803,53.1512,285.11,78,64,5.65,RU,1724791543
75,priozersk,61.0393,30.1291,288.76,89,3,4.02,RU,1724791747
76,mar del plata,-38.0023,-57.5575,285.9,74,7,4.47,AR,1724791533
77,robertsport,6.7533,-11.3686,298.56,90,100,5.54,LR,1724791749
78,neryungri,56.6709,124.6491,284.98,90,100,2.32,RU,1724791750
79,brasileia,-11.0161,-68.7481,305.4,37,0,1.54,BR,1724791751
80,stanley,54.868,-1.6985,288.16,90,40,3.09,GB,1724791752
81,balabac,7.9868,117.0645,298.82,85,100,4.25,PH,1724791753
82,kerikeri,-35.2268,173.9474,284.77,94,100,2.81,NZ,1724791754
83,sanming,26.2486,117.6186,296.97,98,100,0.66,CN,1724791756
84,colonia,50.9333,6.95,294.24,68,0,2.06,DE,1724791757
85,keflavik,64.0049,-22.5624,283.39,87,0,2.57,IS,1724791759
86,rabo de peixe,37.8,-25.5833,295.88,68,20,3.6,PT,1724791760
87,veraval,20.9,70.3667,300.07,89,100,10.24,IN,1724791761
88,fort william,56.8165,-5.1121,287.21,93,100,1.37,GB,1724791762
89,horn,51.8715,8.9451,288.11,91,66,2.44,DE,1724791764
90,howrah,22.5892,88.3103,300.15,94,20,1.54,IN,1724791765
91,bahia de kino,28.8333,-111.9333,306.34,53,0,5.23,MX,1724791766
92,ugoofaaru,5.6667,73.0,301.01,76,85,2.24,MV,1724791767
93,iqaluit,63.7506,-68.5145,280.0,93,100,2.06,CA,1724791768
94,peace river,56.2501,-117.286,293.32,59,100,4.63,CA,1724791769
95,jasdan,22.0333,71.2,297.69,88,100,10.97,IN,1724791770
96,glendive,47.1053,-104.7125,299.92,31,0,4.49,US,1724791772
97,revda,56.801,59.9303,285.01,95,13,2.0,RU,1724791773
98,vila franca do campo,37.7167,-25.4333,296.38,76,76,2.32,PT,1724791774
99,tanjung pandan,-2.75,107.65,298.23,88,100,2.73,ID,1724791775
100,chonchi,-42.6128,-73.8092,281.01,81,100,1.35,CL,1724791776
101,puerto madryn,-42.7692,-65.0385,285.75,34,0,4.56,AR,1724791777
102,utrik,11.2278,169.8474,301.96,78,93,6.43,MH,1724791533
103,new norfolk,-42.7826,147.0587,280.88,98,98,3.71,AU,1724791779
104,priargunsk,50.3691,119.1012,287.47,93,34,1.48,RU,1724791781
105,woolgoolga,-30.1106,153.2007,292.08,70,0,3.96,AU,1724791782
106,buka,40.8108,69.1986,293.18,23,1,1.75,UZ,1724791783
107,saipan,15.1355,145.701,301.54,89,20,3.6,MP,1724791784
108,ancud,-41.8697,-73.8203,281.46,71,100,1.84,CL,1724791785
109,talnakh,69.4865,88.3972,285.54,97,99,1.25,RU,1724791787
110,alice springs,-23.7,133.8833,285.9,62,0,1.03,AU,1724791788
111,petropavlovsk-kamchatsky,53.0452,158.6483,284.48,100,100,1.0,RU,1724791583
112,tianpeng,30.9866,103.9393,299.58,72,33,1.13,CN,1724791792
113,shimoda,34.6667,138.95,299.46,87,100,2.2,JP,1724791793
114,agat village,13.3886,144.6585,300.02,94,40,1.54,GU,1724791794
115,nadi,-17.8,177.4167,294.15,78,20,3.09,FJ,1724791795
116,kapuskasing,49.4169,-82.4331,293.15,52,75,4.63,CA,1724791797
117,korsakov,46.6328,142.7813,291.06,98,100,2.74,RU,1724791737
118,enewetak,11.3474,162.3373,302.0,81,90,9.06,MH,1724791799
119,dhidhdhoo,6.8833,73.1,300.91,77,24,2.77,MV,1724791782
120,roma,43.2128,-75.4557,303.53,44,0,2.68,US,1724790969
121,usogorsk,63.4106,48.6872,286.28,68,97,2.27,RU,1724791802
122,port saint john's,-31.6229,29.5448,292.85,73,0,7.48,ZA,1724791803
123,chifeng,42.2683,118.9636,289.28,67,5,1.96,CN,1724791805
124,pisco,-13.7,-76.2167,291.18,77,24,4.12,PE,1724791562
125,tura,25.5198,90.2201,296.95,93,22,1.24,IN,1724791634
126,isafjordur,66.0755,-23.124,279.1,86,39,2.74,IS,1724791808
127,lompoc,34.6391,-120.4579,295.11,61,0,6.69,US,1724791809
128,i-n-salah,27.1935,2.4607,312.0,15,72,6.14,DZ,1724791810
129,morogoro,-6.8167,37.6667,295.17,88,89,2.09,TZ,1724791811
130,figuig (centre),32.1089,-1.2286,305.91,19,45,3.92,MA,1724791813
131,santo antonio do leverger,-15.8656,-56.0767,307.36,17,0,1.56,BR,1724791814
132,payson,40.0444,-111.7321,302.73,28,0,1.34,US,1724791815
133,whitehorse,60.7161,-135.0538,287.65,44,75,6.17,CA,1724791816
134,arraial do cabo,-22.9661,-42.0278,293.07,64,0,4.12,BR,1724791597
135,sterling,39.0062,-77.4286,307.65,47,75,2.06,US,1724791818
136,hadibu,12.65,54.0333,299.81,81,81,7.63,YE,1724791735
137,albany,42.6001,-73.9662,303.11,63,4,0.68,US,1724791821
138,belyy yar,53.6039,91.3903,287.09,94,0,2.0,RU,1724791822
139,hanceville,34.0607,-86.7675,308.26,20,0,1.83,US,1724791823
140,aasiaat,68.7098,-52.8699,275.48,97,100,4.13,GL,1724791824
141,nichinan,31.6,131.3667,299.68,91,100,9.09,JP,1724791825
142,uturoa,-16.7333,-151.4333,297.85,73,65,7.92,PF,1724791826
143,patterson,37.4716,-121.1297,310.34,11,0,2.7,US,1724791595
144,weno,7.4515,151.8468,299.12,89,40,2.06,FM,1724791829
145,port mathurin,-19.6833,63.4167,294.18,66,99,13.14,MU,1724791830
146,tazovsky,67.4667,78.7,284.24,91,100,3.19,RU,1724791555
147,northam,51.0333,-4.2167,289.6,92,100,4.54,GB,1724791564
148,avarua,-21.2078,-159.775,297.18,88,100,6.17,CK,1724791833
149,tampakan,6.4442,124.9264,296.68,94,60,0.63,PH,1724791834
150,saudarkrokur,65.7461,-19.6394,280.58,85,100,1.34,IS,1724791835
151,finote selam,10.7,37.2667,288.27,98,100,0.57,ET,1724791837
152,edinburgh of the seven seas,-37.0676,-12.3116,284.81,73,100,11.61,SH,1724791838
153,cill airne,52.05,-9.5167,287.56,95,43,2.05,IE,1724791839
154,mejit,10.2753,170.8646,301.85,79,98,6.69,MH,1724791840
155,busembatia,0.7697,33.6131,291.75,86,5,2.9,UG,1724791841
156,severo-yeniseyskiy,60.3725,93.0408,284.03,99,99,1.22,RU,1724791843
157,st. john's,47.5649,-52.7093,293.86,67,75,5.14,CA,1724791845
158,xylokastro,38.0776,22.6317,297.59,41,0,0.89,GR,1724791846
159,klyuchi,52.2667,79.1667,288.45,68,83,0.9,RU,1724791847
160,jamestown,42.097,-79.2353,304.83,45,0,6.17,US,1724791590
161,yuzhno-kurilsk,44.0306,145.8556,291.16,98,100,3.41,RU,1724791849
162,greymouth,-42.4667,171.2,282.83,90,19,1.79,NZ,1724791659
163,kathmandu,27.7167,85.3167,295.27,100,75,1.03,NP,1724791853
164,lahaina,20.8783,-156.6825,301.15,70,10,3.42,US,1724791854
165,mammoth lakes,37.6485,-118.9721,298.6,14,0,5.66,US,1724791855
166,wotho,10.1657,166.0102,301.7,81,100,7.97,MH,1724791856
167,freetown,8.484,-13.2299,298.79,91,100,4.25,SL,1724791857
168,dakhla,23.6848,-15.958,295.16,83,63,8.23,EH,1724791858
169,zapolyarnyy,69.4154,30.8136,284.17,70,80,13.69,RU,1724791859
170,carauari,-4.8828,-66.8958,309.34,25,4,0.89,BR,1724791860
171,badger,64.8,-147.5333,291.47,46,75,5.14,US,1724791862
172,aoulef,26.9667,1.0833,312.33,13,88,2.97,DZ,1724791863
173,namibe,-15.1961,12.1522,290.89,84,67,1.14,AO,1724791865
174,taltal,-25.4,-70.4833,289.07,69,18,2.27,CL,1724791631
175,guarapari,-20.6667,-40.4975,291.83,68,20,3.8,BR,1724791867
176,shahr-e babak,30.1165,55.1186,299.91,16,0,8.23,IR,1724791868
177,polyarnyy,69.1989,33.4478,285.69,63,88,12.0,RU,1724791869
178,north bend,43.4065,-124.2243,297.18,61,25,9.18,US,1724791871
179,port lincoln,-34.7333,135.8667,285.9,62,2,9.61,AU,1724791872
180,vilyuchinsk,52.9306,158.4028,285.3,83,100,1.36,RU,1724791873
181,vondrozo,-22.8167,47.2833,289.59,91,94,2.45,MG,1724791874
182,mochudi,-24.4167,26.15,292.48,17,0,3.04,BW,1724791875
183,nikolayevsk-on-amure,53.1406,140.73,288.1,93,70,1.37,RU,1724791876
184,kralendijk,12.15,-68.2667,306.14,58,20,6.17,BQ,1724791518
185,qaqortoq,60.7167,-46.0333,278.61,82,100,1.65,GL,1724791880
186,malindi,-3.2175,40.1191,298.04,85,6,5.82,KE,1724791881
187,nastola,60.95,25.9333,284.2,81,23,2.07,FI,1724791882
188,kipushi,-11.7667,27.2333,290.48,31,1,1.85,CD,1724791883
189,aydintepe,40.3894,40.1506,288.76,60,3,0.94,TR,1724791884
190,richards bay,-28.783,32.0377,299.73,21,0,5.26,ZA,1724791886
191,demidov,55.2706,31.515,290.77,90,46,3.12,RU,1724791887
192,kyzyl-mazhalyk,51.1333,90.6,285.39,59,72,0.26,RU,1724791888
193,pamiers,43.0833,1.5,292.55,49,13,2.18,FR,1724791889
194,anadyr,64.75,177.4833,286.43,66,0,1.0,RU,1724791890
195,plastun,44.7561,136.2939,287.61,94,1,2.74,RU,1724791892
196,broome,42.2506,-75.833,304.1,46,0,3.09,US,1724791894
197,atbasar,51.8,68.3333,286.79,80,98,3.89,KZ,1724791598
198,tidjikja,18.5564,-11.4271,310.51,22,36,1.28,MR,1724791896
199,luderitz,-26.6481,15.1594,286.55,80,0,7.24,NA,1724791897
200,murzuq,25.9155,13.9184,305.7,21,11,4.64,LY,1724791898
201,barbacoas,1.6715,-78.1398,299.94,85,96,2.22,CO,1724791899
202,wellington,-41.2866,174.7756,285.96,90,100,4.63,NZ,1724791617
203,sinop,41.7711,34.8709,291.56,92,86,0.59,TR,1724791902
204,acapulco de juarez,16.8634,-99.8901,304.05,74,75,4.63,MX,1724791903
205,labrador city,52.9463,-66.9114,297.1,52,75,10.73,CA,1724791904
206,nogent-sur-seine,48.4167,3.75,291.74,82,18,2.73,FR,1724791905
207,lemvig,56.5486,8.3102,289.74,84,100,4.62,DK,1724791906
208,cidreira,-30.1811,-50.2056,286.71,86,16,2.45,BR,1724791908
209,san julian,21.0167,-102.1667,298.41,41,88,0.16,MX,1724791909
210,muynoq,43.7683,59.0214,294.45,63,0,5.42,UZ,1724791911
211,vorgashor,67.5833,63.95,285.5,73,64,3.57,RU,1724791912
212,mount gambier,-37.8333,140.7667,283.2,63,41,7.39,AU,1724791913
213,bokhan,53.153,103.7714,285.79,66,79,1.63,RU,1724791914
214,codrington,-38.2667,141.9667,283.12,66,71,11.36,AU,1724791915
215,azovo,54.6997,73.0237,286.67,80,99,2.9,RU,1724791916
216,college,64.8569,-147.8028,291.14,53,75,5.14,US,1724791917
217,nova sintra,14.8667,-24.7167,300.35,79,99,3.07,CV,1724791919
218,tres palos,18.1833,-101.6167,303.22,70,86,1.64,MX,1724791920
219,svetlyy,54.675,20.1347,287.36,70,10,2.84,RU,1724791921
220,kuqa,41.7278,82.9364,296.1,44,8,2.84,CN,1724791679
221,flying fish cove,-10.4217,105.6791,296.97,88,75,5.66,CX,1724791874
222,fauske,67.2588,15.3918,284.23,81,100,2.51,NO,1724791924
223,ebon,4.582,168.6964,301.88,76,100,8.29,MH,1724791925
224,harper,4.375,-7.7169,297.32,88,100,5.79,LR,1724791926
225,port douglas,-16.4833,145.4667,295.25,80,17,4.17,AU,1724791928
226,mezhova,48.2532,36.7347,298.44,33,97,4.79,UA,1724791929
227,yung shue wan,22.2333,114.1167,303.01,85,100,5.62,HK,1724791930
228,mawlaik,23.6333,94.4167,296.41,100,59,0.3,MM,1724791931
229,hobyo,5.3505,48.5268,298.39,86,6,10.58,SO,1724791932
230,esmeraldas,-19.7625,-44.3139,294.21,57,1,5.94,BR,1724791933
231,pucheng,27.9233,118.5333,297.43,98,99,1.54,CN,1724791934
232,lihue,21.9789,-159.3672,300.92,71,0,6.69,US,1724791936
233,holmsund,63.706,20.3641,285.9,87,0,2.68,SE,1724791938
234,wailua homesteads,22.0669,-159.378,300.59,75,0,6.69,US,1724791939
235,lerwick,60.1545,-1.1494,285.9,94,100,6.41,GB,1724791940
236,papatowai,-46.5619,169.4708,283.04,88,68,2.66,NZ,1724791941
237,wau,7.7029,27.9953,294.42,92,44,0.53,SS,1724791942
238,naze,28.3667,129.4833,298.66,88,100,19.42,JP,1724791944
239,nianzishan,47.5167,122.8833,288.84,91,100,0.79,CN,1724791945
240,al bardiyah,31.7561,25.0865,299.82,67,0,2.63,LY,1724791946
241,port alfred,-33.5906,26.891,287.69,81,6,4.47,ZA,1724791947
242,le treport,50.0598,1.3758,292.1,63,3,3.09,FR,1724791948
243,port-cartier,50.0334,-66.8654,297.14,62,100,6.2,CA,1724791785
244,saint croix,17.7397,-64.7388,303.4,77,75,6.17,VI,1724791952
245,kayangel,8.0823,134.7173,300.3,81,100,3.77,PW,1724791953
246,shendi,16.6915,33.4341,302.36,58,96,2.61,SD,1724791954
247,kingston,17.997,-76.7936,301.68,79,20,6.17,JM,1724791336
248,ust-nera,64.5667,143.2,276.5,93,100,2.45,RU,1724791956
249,gilgit,35.9221,74.3087,295.89,52,15,2.08,PK,1724791957
250,saint-pierre,-21.3393,55.4781,292.97,73,20,1.54,RE,1724791958
251,luau,-10.7073,22.2247,294.81,22,4,1.62,AO,1724791960
252,manicore,-5.8092,-61.3003,311.21,20,3,1.24,BR,1724791961
253,shindand,33.3029,62.1474,300.68,17,0,3.17,AF,1724791962
254,callao,-12.0667,-77.15,289.31,82,100,4.63,PE,1724791963
255,yoko,5.5333,12.3167,292.15,92,57,0.36,CM,1724791964
256,puerto baquerizo moreno,-0.9,-89.6,295.7,73,75,5.14,EC,1724791965
257,ciudad lazaro cardenas,17.9583,-102.2,303.79,67,33,3.98,MX,1724791966
258,la'ie,21.6477,-157.9253,301.81,70,46,4.47,US,1724791968
259,kaya,13.0917,-1.0844,300.02,74,100,3.85,BF,1724791969
260,san antonio de pale,-1.4014,5.6325,296.67,81,64,5.66,GQ,1724791970
261,ulladulla,-35.35,150.4667,292.56,33,96,10.89,AU,1724791971
262,berezovyy,51.6667,135.7,287.71,96,14,1.55,RU,1724791972
263,rio grande,-32.035,-52.0986,285.78,85,100,3.28,BR,1724791973
264,santa rosa,14.3122,121.1114,299.14,98,99,5.43,PH,1724791780
265,arroyo,41.6096,-4.7969,299.94,34,0,2.57,ES,1724791977
266,kasaragod,12.5,75.0,297.2,91,99,1.95,IN,1724791978
267,dellys,36.9172,3.9131,297.17,75,17,4.23,DZ,1724791979
268,zag,46.9441,99.165,286.59,43,48,1.18,MN,1724791980
269,pimentel,-6.8367,-79.9342,295.31,64,0,7.72,PE,1724791981
270,bida,9.0833,6.0167,296.86,95,90,1.73,NG,1724791982
271,tucurui,-3.7661,-49.6725,303.76,50,79,1.36,BR,1724791984
272,nar'yan-mar,67.6713,53.087,285.06,78,70,5.63,RU,1724791985
273,angren,41.0167,70.1436,291.32,26,3,0.8,UZ,1724791986
274,jinghong,21.991,100.7341,293.84,100,68,0.59,CN,1724791987
275,eureka,40.8021,-124.1637,293.49,77,38,2.24,US,1724791946
276,kavalerovo,44.2661,135.0572,287.73,97,35,1.87,RU,1724791989
277,sosnovo-ozerskoye,52.5249,111.5418,280.85,89,8,3.22,RU,1724791990
278,hamilton,39.1834,-84.5333,310.25,39,0,4.12,US,1724791950
279,vakarai,55.6035,23.8213,287.31,77,4,1.63,LT,1724791993
280,khanbari,27.3747,87.2039,296.82,90,71,1.04,NP,1724791994
281,rikaze,29.25,88.8833,285.45,55,46,1.29,CN,1724791995
282,bulawayo,-20.15,28.5833,291.39,17,0,2.28,ZW,1724791996
283,pauini,-7.7136,-66.9764,308.93,25,2,0.8,BR,1724791997
284,palikir - national government center,6.9248,158.1611,297.56,100,100,1.54,FM,1724791998
285,bahia blanca,-38.7196,-62.2724,286.14,42,2,2.14,AR,1724791752
286,fayroz koh,34.5195,65.2509,285.46,36,0,0.31,AF,1724792001
287,jiangyou,31.7667,104.7167,300.77,74,98,1.69,CN,1724792002
288,dunedin,-45.8742,170.5036,283.04,97,61,3.17,NZ,1724792003
289,hithadhoo,-0.6,73.0833,301.25,78,43,4.13,MV,1724792004
290,rapid city,44.0805,-103.231,298.4,50,0,3.58,US,1724791741
291,kardla,58.9978,22.7492,287.79,88,48,2.74,EE,1724792006
292,upata,8.0086,-62.3989,297.5,90,99,0.46,VE,1724792007
293,mil'kovo,55.6078,37.7956,295.56,64,10,2.33,RU,1724792009
294,bludenz,47.1497,9.8167,292.33,88,14,2.32,AT,1724792010
295,lai chau,22.3997,103.4517,291.34,98,16,0.95,VN,1724792011
296,arcadia,34.1397,-118.0353,307.21,39,0,1.79,US,1724792012
297,gamba,-2.65,10.0,295.72,91,75,3.97,GA,1724792013
298,bengkulu,-3.8004,102.2655,297.03,91,98,1.72,ID,1724792014
299,griffith,41.5284,-87.4237,310.07,56,0,2.06,US,1724792015
300,nogliki,51.8333,143.1667,288.16,94,5,3.62,RU,1724792017
301,arima,10.6333,-61.2833,299.16,94,20,0.0,TT,1724792018
302,tank,32.2217,70.3793,303.49,58,47,2.22,PK,1724792019
303,vorkuta,67.5,64.0,285.9,72,65,3.62,RU,1724792020
304,crane,31.3974,-102.3501,305.15,31,80,3.83,US,1724792021
305,sinabang,2.4803,96.3801,297.35,83,100,3.84,ID,1724792022
306,praia da vitoria,38.7333,-27.0667,298.29,65,20,3.51,PT,1724792023
307,airway heights,47.6446,-117.5933,294.85,28,75,11.32,US,1724792019
308,champerico,14.3,-91.9167,302.32,74,79,2.59,GT,1724792026
309,minas de marcona,-15.2119,-75.1103,290.1,55,50,5.4,PE,1724792027
310,bandar lampung,-5.4254,105.258,294.91,93,100,1.38,ID,1724792028
311,robstown,27.7903,-97.6689,307.08,55,75,4.12,US,1724792029
312,requena,39.4883,-1.1004,294.83,83,84,2.88,ES,1724792030
313,roudnice nad labem,50.4253,14.2618,293.49,59,3,1.56,CZ,1724792031
314,tukrah,32.5341,20.5791,301.11,71,2,2.9,LY,1724791754
315,kiunga,-6.1219,141.2906,294.92,98,100,1.05,PG,1724792034
316,tibati,6.4667,12.6333,292.86,93,85,0.24,CM,1724792035
317,dudinka,69.4058,86.1778,284.61,90,92,1.19,RU,1724792036
318,hammerfest,70.6634,23.6821,284.4,87,75,13.38,NO,1724792037
319,adrar,20.5022,-10.0711,312.94,16,32,4.25,MR,1724792038
320,nuku'alofa,-21.1333,-175.2,295.34,88,20,2.06,TO,1724792039
321,san pedro pochutla,15.7333,-96.4667,296.99,59,66,3.08,MX,1724792016
322,forster,-32.1667,152.5167,288.94,61,69,3.19,AU,1724792042
323,sarangani,5.4033,125.4636,301.84,74,100,4.83,PH,1724792043
324,waingapu,-9.6567,120.2641,295.96,86,51,1.8,ID,1724792044
325,weyburn,49.6668,-103.8511,299.27,36,4,5.66,CA,1724792045
326,celendin,-6.8703,-78.1517,294.38,30,27,3.61,PE,1724792046
327,tamanrasset,22.785,5.5228,304.1,23,40,3.09,DZ,1724792047
328,bogale,16.2833,95.4,297.9,94,100,1.51,MM,1724792048
329,puerto cabezas,14.0351,-83.3888,303.13,84,40,3.09,NI,1724792049
330,lasem,-6.6922,111.4527,296.63,76,92,3.25,ID,1724792051
331,dashiqiao,40.6373,122.5025,290.97,93,0,2.12,CN,1724792052
332,kavieng,-2.5744,150.7967,301.16,77,13,6.54,PG,1724792053
333,lima,-12.0432,-77.0282,288.29,82,100,4.63,PE,1724791824
334,formosa do rio preto,-11.0483,-45.1931,303.02,21,1,2.69,BR,1724792055
335,kavaratti,10.5669,72.642,300.48,85,98,4.74,IN,1724792056
336,sanctuary point,-35.1114,150.629,294.03,29,100,8.08,AU,1724792057
337,ramhormoz,31.28,49.6035,311.81,12,19,1.02,IR,1724792059
338,da nang,16.0678,108.2208,299.14,83,20,2.06,VN,1724792060
339,aioun,16.6614,-9.6149,311.68,22,100,4.23,MR,1724792061
340,masterton,-40.9597,175.6575,284.39,89,70,4.22,NZ,1724792062
341,ulanhot,46.0833,122.0833,290.27,74,100,3.27,CN,1724792063
342,bel ombre,-4.6167,55.4167,299.06,89,75,6.17,SC,1724792064
343,chernyakhovsk,54.6335,21.8156,286.88,80,5,2.72,RU,1724792065
344,segovia,41.1667,-4.0,296.4,29,1,3.36,ES,1724792066
345,okhotsk,59.3833,143.3,286.7,88,100,1.61,RU,1724792068
346,sweetwater,25.7634,-80.3731,306.15,69,40,8.75,US,1724792069
347,kuraymah,18.55,31.85,302.98,62,100,5.68,SD,1724792070
348,udachny,66.4167,112.4,282.85,70,95,1.82,RU,1724792071
349,namdrik,5.5994,168.1028,302.34,75,91,9.01,MH,1724792072
350,manadhoo,5.7667,73.3833,300.95,75,100,2.08,MV,1724792073
351,nampula,-15.1165,39.2666,296.12,68,0,6.26,MZ,1724792075
352,mansa,29.9833,75.3833,298.34,93,100,1.99,IN,1724792076
353,jaen,38.0,-3.5,302.12,33,0,2.73,ES,1724792077
354,padang,-0.9492,100.3543,296.18,89,100,1.4,ID,1724792078
355,geraldton,-28.7667,114.6,287.38,94,33,3.6,AU,1724792079
356,bobo-dioulasso,11.1771,-4.2979,296.4,94,20,3.09,BF,1724792080
357,happy valley-goose bay,53.3168,-60.3315,302.32,32,75,7.2,CA,1724791831
358,magadan,59.5667,150.8,283.93,95,100,0.13,RU,1724792082
359,wewak,-3.5534,143.6268,298.74,91,71,3.26,PG,1724792084
360,durango,24.8333,-104.8333,300.31,30,62,3.73,MX,1724792085
361,victorica,-36.2151,-65.4359,290.86,34,36,5.92,AR,1724792086
362,svay rieng,11.0879,105.7993,299.38,87,93,1.96,KH,1724792087
363,vammala,61.3333,22.9,285.19,93,29,2.58,FI,1724792088
364,nuuk,64.1835,-51.7216,281.49,71,100,2.06,GL,1724792089
365,kahama,-3.8333,32.6,295.42,57,69,1.88,TZ,1724792090
366,raduzhny,62.0961,77.475,289.32,68,93,2.2,RU,1724792092
367,jiazi,22.8779,116.067,300.76,88,100,3.97,CN,1724792094
368,sebastopol,44.6,33.5333,295.37,55,0,1.15,UA,1724792096
369,haiku-pauwela,20.9219,-156.3051,300.16,70,40,8.23,US,1724792097
370,normal,40.5142,-88.9906,309.36,64,75,2.06,US,1724792098
371,calama,-22.4667,-68.9333,295.42,9,0,9.26,CL,1724791909
372,paraiso,9.8383,-83.8656,297.08,91,100,1.45,CR,1724792101
373,voi,-3.3945,38.563,294.89,84,6,3.62,KE,1724792102
374,xinzhou,38.4092,112.7333,288.7,87,7,0.05,CN,1724792103
375,kalmunai,7.4167,81.8167,300.76,71,100,1.82,LK,1724792104
376,remire-montjoly,4.9167,-52.2667,298.17,94,75,2.57,GF,1724792105
377,fort mcmurray,56.7268,-111.381,296.92,46,100,6.17,CA,1724792106
378,touros,-5.1989,-35.4608,297.89,79,36,6.61,BR,1724792108
379,kachkanar,58.7,59.4948,286.33,89,46,1.79,RU,1724792109
380,karkala,13.2,74.9833,298.05,91,78,1.78,IN,1724792110
381,devgarh,25.5333,73.9,295.53,90,98,8.51,IN,1724792111
382,howard springs,-12.497,131.047,296.1,84,53,2.33,AU,1724792112
383,hrebinka,50.1171,32.4361,295.93,47,100,2.83,UA,1724792113
384,bonthe,7.5264,-12.505,298.75,90,100,4.29,SL,1724792114
385,debrecen,47.5333,21.6333,294.02,88,0,0.51,HU,1724792116
386,east london,-33.0153,27.9116,290.14,69,0,7.0,ZA,1724792117
387,la tuque,47.4334,-72.7824,297.29,69,100,2.06,CA,1724792118
388,muroto-misakicho,33.2833,134.15,300.57,79,6,5.86,JP,1724792119
389,usinsk,65.9939,57.5281,286.31,76,35,4.53,RU,1724792120
390,ulsteinvik,62.3432,5.8487,291.65,85,100,5.4,NO,1724792121
391,hotan,37.0997,79.9269,295.49,53,54,1.16,CN,1724792122
392,mazagao,-0.115,-51.2894,300.51,76,75,1.41,BR,1724792124
393,ad dilam,23.9915,47.1627,308.97,13,9,3.79,SA,1724792125
394,juan griego,11.0817,-63.9655,305.22,66,47,7.72,VE,1724792126
395,yorkton,51.2167,-102.4677,297.06,50,0,6.17,CA,1724792127
396,broken hill,-31.95,141.4333,286.27,40,3,5.58,AU,1724792089
397,vrangel',42.7297,133.0839,291.09,83,0,3.58,RU,1724792129
398,alotau,-10.3069,150.4462,295.63,92,11,1.21,PG,1724792130
399,shingu,33.7333,135.9833,297.73,93,43,1.73,JP,1724792131
400,bereeda,11.8704,51.0579,302.27,67,86,3.97,SO,1724792133
401,sheridan,44.8333,-106.9173,302.36,28,0,5.14,US,1724792134
402,mandera,3.9366,41.867,299.87,66,47,8.94,KE,1724792135
403,gisborne,-38.6533,178.0042,287.57,66,49,4.52,NZ,1724792137
404,sydney,-33.8679,151.2073,293.55,44,0,7.72,AU,1724792019
405,ghat,24.9647,10.1728,306.06,17,12,2.08,LY,1724792140
406,kaifeng,34.7911,114.3483,292.79,80,24,5.76,CN,1724792141
407,tarinkot,32.6268,65.8733,298.89,12,0,1.9,AF,1724792142
408,brigantine,39.4101,-74.3646,298.79,87,2,2.68,US,1724792085
409,la passe,45.5549,-0.8967,293.36,63,22,3.42,FR,1724792144
410,fale old settlement,-9.3852,-171.2468,300.92,76,7,4.83,TK,1724792145
411,genhe,50.7833,121.5167,284.75,98,92,1.56,CN,1724792146
412,luoyang,34.6836,112.4536,293.29,74,14,1.58,CN,1724792148
413,lamarque,-39.423,-65.7021,287.12,22,65,1.8,AR,1724792149
414,ketou,7.3633,2.5998,296.53,94,91,2.9,BJ,1724792150
415,zheleznodorozhnyy,55.7503,38.0042,291.9,61,9,2.15,RU,1724792151
416,tabou,4.423,-7.3528,297.0,90,100,5.03,CI,1724792152
417,el vigia,8.6219,-71.6506,306.02,52,63,2.93,VE,1724792153
418,al burayqah,30.4062,19.5739,300.86,75,0,6.03,LY,1724792154
419,kismayo,-0.3582,42.5454,298.33,85,40,5.76,SO,1724792155
420,holualoa,19.6228,-155.9522,299.06,84,20,5.14,US,1724792157
421,akcakoca,41.0866,31.1162,293.42,85,90,0.84,TR,1724792158
422,ballito,-29.539,31.2144,290.23,51,0,0.51,ZA,1724792159
423,hilton head island,32.2163,-80.7526,304.31,73,20,1.54,US,1724791943
424,shiguai,40.7058,110.2856,290.79,54,39,1.84,CN,1724792162
425,uribia,11.7139,-72.266,305.25,56,100,3.06,CO,1724792164
426,nouadhibou,20.931,-17.0347,299.14,78,100,5.66,MR,1724792165
427,leh,34.1667,77.5833,284.23,69,94,2.74,IN,1724792166
428,kirensk,57.7853,108.1119,286.65,88,100,4.55,RU,1724792167
429,iquique,-20.2208,-70.1431,289.85,79,60,2.02,CL,1724792168
430,mendarda,21.3167,70.4333,298.08,89,100,8.09,IN,1724792169
431,iskushuban,10.2837,50.23,303.06,49,98,9.92,SO,1724792170
432,oriximina,-1.7656,-55.8661,308.31,33,12,2.09,BR,1724792172
433,inari,68.906,27.0288,284.43,67,68,7.76,FI,1724792173
434,panama city beach,30.1766,-85.8055,305.4,73,75,4.63,US,1724792044
435,ishigaki,24.3448,124.1572,300.22,89,75,2.06,JP,1724792175
436,karamay,45.6004,84.8661,298.14,35,25,2.23,CN,1724792176
437,kasongo-lunda,-6.4667,16.8167,297.77,22,4,0.39,CD,1724792177
438,nyurba,63.2842,118.3319,280.91,85,100,1.89,RU,1724792178
439,paoua,7.2427,16.4406,294.77,92,100,0.74,CF,1724792179
440,yanchep,-31.55,115.6833,283.83,86,2,2.3,AU,1724792181
441,port moresby,-9.4431,147.1797,295.83,94,75,1.54,PG,1724792174
442,mandalgovi,45.7625,106.2708,291.07,72,0,3.42,MN,1724792183
443,priob'ye,62.5206,65.5964,287.87,94,25,2.45,RU,1724792184
444,taoudenni,22.6783,-3.9836,314.52,11,5,5.0,ML,1724792185
445,okola,4.0167,11.3833,293.86,98,22,1.65,CM,1724792186
446,tshikapa,-6.4167,20.8,298.06,26,3,0.85,CD,1724792187
447,tahe,52.3333,124.7333,286.97,78,100,1.91,CN,1724792189
448,quellon,-43.1167,-73.6167,280.91,78,100,3.3,CL,1724792190
449,bargaal,11.2864,51.0773,300.05,76,82,4.09,SO,1724792192
450,sisimiut,66.9395,-53.6735,280.53,80,99,3.06,GL,1724792193
451,al qadarif,14.0349,35.3834,297.97,77,100,2.68,SD,1724792194
452,yemetsk,63.4721,41.7941,287.18,74,99,2.96,RU,1724792196
453,valparaiso,-33.0393,-71.6273,291.28,59,0,5.66,CL,1724791969
454,siemiatycze,52.4272,22.8623,291.56,66,7,5.1,PL,1724792198
455,winkler,49.1817,-97.941,290.27,72,100,4.12,CA,1724792199
456,st ives,50.2086,-5.4875,290.15,93,100,5.11,GB,1724792200
457,souillac,-20.5167,57.5167,294.36,78,75,8.75,MU,1724792201
458,mujiayingzi,42.1167,118.7833,288.02,68,31,2.54,CN,1724792202
459,susuman,62.7833,148.1667,275.49,94,100,2.33,RU,1724792203
460,lorengau,-2.0226,147.2712,301.09,79,72,5.13,PG,1724792205
461,idri,27.5,13.2667,305.03,22,3,4.92,LY,1724792206
462,medicine hat,50.0501,-110.6683,305.22,21,75,7.2,CA,1724792207
463,ujae,8.9322,165.7642,302.07,78,97,6.93,MH,1724792208
464,aykhal,66.0,111.5,280.56,76,83,2.06,RU,1724792209
465,puerto deseado,-47.7503,-65.8938,282.46,39,29,4.33,AR,1724792210
466,mcgregor,26.5609,-81.9145,307.58,64,20,6.69,US,1724792212
467,santa terezinha,-29.9002,-50.0904,287.1,85,20,1.8,BR,1724792213
468,siguatepeque,14.6,-87.8333,298.06,68,82,2.74,HN,1724792214
469,thisted,56.9552,8.6949,289.61,83,100,4.81,DK,1724792215
470,kimbe,-5.5502,150.1429,297.12,78,6,2.69,PG,1724792216
471,homer,59.6425,-151.5483,286.09,83,100,4.12,US,1724792217
472,oak park,41.885,-87.7845,310.48,52,75,1.54,US,1724792218
473,tongren,27.7172,109.1853,295.97,91,33,1.56,CN,1724792219
474,talavera la real,38.8779,-6.7686,301.57,36,5,4.13,ES,1724792222
475,leer,53.2316,7.461,289.79,85,69,2.92,DE,1724792223
476,barcelos,41.5388,-8.6151,287.83,92,5,1.25,PT,1724792089
477,saldanha,-33.0117,17.9442,284.18,67,91,11.42,ZA,1724792225
478,maintirano,-18.0667,44.0167,296.22,81,0,3.02,MG,1724792226
479,rio pardo de minas,-15.6097,-42.5397,294.1,59,4,3.36,BR,1724792228
480,el calafate,-50.3408,-72.2768,276.82,68,19,0.31,AR,1724792072
481,chabahar,25.2919,60.643,301.47,83,76,4.79,IR,1724792230
482,horqueta,-23.3428,-57.0597,297.53,22,100,1.95,PY,1724792231
483,chibougamau,49.9168,-74.3659,286.9,93,100,3.55,CA,1724792058
484,cabo san lucas,22.8909,-109.9124,305.24,50,28,3.13,MX,1724792142
485,newman,37.3138,-121.0208,311.96,10,0,0.92,US,1724792234
486,mount isa,-20.7333,139.5,285.02,66,0,1.54,AU,1724792235
487,wynyard,-41.0,145.7167,281.14,82,100,9.76,AU,1724792237
488,ash shihaniyah,25.3686,51.2264,309.12,56,1,2.13,QA,1724792238
489,pompeu,-19.2244,-44.9353,298.67,37,6,2.76,BR,1724792240
490,melo,-32.3667,-54.1833,285.76,71,10,1.2,UY,1724792241
491,jiayuguan,39.8167,98.3,294.3,45,6,1.39,CN,1724792242
492,bichura,50.5881,107.6022,285.41,82,63,1.31,RU,1724792243
493,qamdo,31.1667,97.2333,280.39,75,3,0.41,CN,1724792245
494,warora,20.2333,79.0,298.08,88,28,3.09,IN,1724792246
495,santa rosa de copan,14.7667,-88.7833,301.79,51,40,2.57,HN,1724792247
496,saint-felicien,48.6501,-72.4491,297.53,69,75,2.06,CA,1724792248
497,el bauga,18.262,33.9081,301.93,64,67,4.44,SD,1724792250
498,san jose del guaviare,2.5729,-72.6459,303.55,54,24,1.64,CO,1724792252
499,fort bragg,35.139,-79.006,308.0,38,0,3.09,US,1724792253
500,vengerovo,55.6848,76.7471,284.44,92,95,2.11,RU,1724792254
501,heroica caborca,30.7167,-112.15,312.78,18,5,1.45,MX,1724792255
502,aykol,38.1751,77.2132,293.97,61,95,2.2,CN,1724792256
503,muscat,23.6139,58.5922,304.49,58,40,2.02,OM,1724792256
504,tazacorte,28.629,-17.9293,298.23,85,100,5.14,ES,1724792258
505,igrim,63.1906,64.4162,288.23,96,43,2.13,RU,1724792260
506,alofi,-19.0595,-169.9187,297.09,78,5,4.63,NU,1724792261
507,dosso,13.049,3.1937,299.89,76,28,4.18,NE,1724792262
508,mwanza,-2.5167,32.9,296.75,63,27,2.74,TZ,1724792264
509,rongelap,11.1635,166.8941,301.73,82,89,8.75,MH,1724792265
510,urayasu,35.6706,139.8886,301.52,80,75,3.6,JP,1724792267
511,hinton,53.4001,-117.5857,283.46,89,100,3.36,CA,1724792268
512,oamaru,-45.0784,170.9801,280.03,93,3,2.13,NZ,1724792269
513,west bay,19.3667,-81.4167,304.85,70,20,1.03,KY,1724792270
514,batouri,4.4333,14.3667,293.56,91,28,1.3,CM,1724792271
515,gmunden,47.9189,13.7975,292.77,93,34,1.23,AT,1724792272
516,missoula,47.0166,-113.8009,298.76,23,92,4.53,US,1724792273
517,ratnagiri,16.9833,73.3,299.39,86,100,7.99,IN,1724792274
518,shalkar,47.8288,59.6258,293.1,38,0,5.57,KZ,1724792277
519,kilju,40.9642,129.3278,291.88,85,31,2.15,KP,1724792278
520,bandon,51.7469,-8.7425,287.92,97,40,3.68,IE,1724792279
521,saarijarvi,62.7049,25.254,284.79,95,59,2.5,FI,1724792280
522,kingscliff,-28.2667,153.5667,292.04,100,75,3.6,AU,1724792282
523,ampanihy,-24.7,44.75,293.75,52,0,2.88,MG,1724792283
524,papao,-17.75,-149.55,299.97,75,100,7.22,PF,1724792284
525,puerto princesa,9.7392,118.7353,299.22,88,100,2.5,PH,1724792285
526,kostomuksha,64.571,30.5767,283.57,70,1,3.97,RU,1724792286
527,pizarro,4.9533,-77.366,301.4,74,41,3.55,CO,1724792287
528,lodja,-3.4833,23.4333,297.6,47,2,0.94,CD,1724792288
529,timbuktu,16.7735,-3.0074,310.19,31,35,5.61,ML,1724792290
530,lucapa,-8.4192,20.7447,294.48,26,0,0.72,AO,1724792291
531,timoteo,-19.5825,-42.6444,295.63,69,89,1.26,BR,1724792292
532,nyagan,62.1406,65.3936,287.9,97,49,2.09,RU,1724792283
533,darovskoy,58.77,47.9564,291.49,86,13,2.45,RU,1724792294
534,monrovia,6.3005,-10.7969,297.93,92,100,4.76,LR,1724792295
535,dikwa,12.024,13.9165,299.43,77,100,3.93,NG,1724792296
536,novodvinsk,64.4165,40.8122,289.01,74,19,3.6,RU,1724792298
537,valley city,46.9233,-98.0032,290.34,60,87,3.42,US,1724792299
538,eduardo castex,-35.915,-64.2945,291.23,38,71,3.65,AR,1724792300
539,san felipe,10.3399,-68.7425,304.75,47,63,2.81,VE,1724792301
540,salekhard,66.53,66.6019,286.47,78,45,2.23,RU,1724792302
541,sola,-13.8833,167.55,298.58,69,100,9.96,VU,1724792303
542,siwa oasis,29.2041,25.5195,305.21,35,7,8.31,EG,1724792304
543,shajiang,26.7825,119.9669,299.14,94,99,2.57,CN,1724792305
544,necochea,-38.5473,-58.7368,282.29,80,3,4.48,AR,1724792060
545,vytegra,61.0064,36.4481,285.54,81,90,2.79,RU,1724792308
546,carnarvon,-24.8667,113.6333,291.07,78,0,5.23,AU,1724792309
547,tolanaro,-25.0319,46.9987,295.19,78,20,11.83,MG,1724792310
548,ryotsu-minato,38.0833,138.4333,296.48,88,100,0.3,JP,1724792311
549,puerto armuelles,8.2833,-82.8667,301.53,72,25,1.79,PA,1724792312
550,brisas de zicatela,15.8369,-97.0419,303.12,68,27,3.45,MX,1724792313
551,ziro,27.6333,93.8333,290.39,99,100,0.41,IN,1724792315
552,djebeniana,35.035,10.9081,300.14,65,4,4.05,TN,1724792316
553,kaa-khem,51.6833,94.7333,288.03,54,96,2.58,RU,1724792317
554,santa marta,11.2408,-74.199,306.18,74,20,4.12,CO,1724792288
555,barauna,-5.08,-37.6167,298.02,71,30,6.37,BR,1724792319
556,arawa,-6.2132,155.5367,299.35,89,76,1.78,PG,1724792320
557,yamada,39.4667,141.95,296.02,98,99,2.27,JP,1724792322
558,tatarsk,55.219,75.9828,284.62,96,100,2.44,RU,1724792323
559,mbandaka,0.0487,18.2603,296.85,59,0,0.76,CD,1724792324
560,wainwright,52.839,-110.8572,303.25,17,100,10.3,CA,1724792325
561,soria,41.6667,-2.6667,292.44,48,0,2.38,ES,1724792326
562,palmer,42.1584,-72.3287,302.21,55,40,2.06,US,1724792327
563,miasskoye,55.2784,61.8905,286.64,86,59,3.42,RU,1724792329
564,thunder bay,48.4001,-89.3168,293.14,60,100,5.66,CA,1724792127
565,aitape,-3.1374,142.3475,297.89,92,100,1.82,PG,1724792332
